Year,Category,SubCategory,SubSubCategory,Total,Food secure-1000,Food secure-Percent,Food insecure-1000,Food insecure-Percent,Low food security-1000,Low food security-Percent,Very low food security-1000,Very low food security-Percent
2001,All households,,,107824,96303,89.3,11521,10.7,8010,7.4,3511,3.3
2001,Household composition,With children < 18 yrs,,38330,32141,83.9,6189,16.1,4744,12.4,1445,3.8
2001,Household composition,With children < 18 yrs,With children < 6 yrs,16858,13920,82.6,2938,17.4,2304,13.7,634,3.8
2001,Household composition,With children < 18 yrs,Married-couple families,26182,23389,89.3,2793,10.7,2247,8.6,546,2.1
2001,Household composition,With children < 18 yrs,"Female head, no spouse",9080,6185,68.1,2895,31.9,2101,23.1,794,8.7
2001,Household composition,With children < 18 yrs,"Male head, no spouse",2389,2009,84.1,380,15.9,298,12.5,82,3.4
2001,Household composition,With children < 18 yrs,Other household with child,678,555,81.9,123,18.1,99,14.6,24,3.5
2001,Household composition,With no children < 18 yrs,,69495,64163,92.3,5332,7.7,3266,4.7,2066,3
2001,Household composition,With no children < 18 yrs,More than one adult,40791,38328,94,2463,6,1595,3.9,868,2.1
2001,Household composition,With no children < 18 yrs,Women living alone,16513,14915,90.3,1598,9.7,952,5.8,646,3.9
2001,Household composition,With no children < 18 yrs,Men living alone,12192,10922,89.6,1270,10.4,718,5.9,552,4.5
2001,Household composition,With elderly,,24836,23458,94.5,1378,5.5,1002,4,376,1.5
2001,Household composition,With elderly,Elderly living alone,10390,9758,93.9,632,6.1,426,4.1,206,2
2001,Race/ethnicity of households,White non-Hispanic,,80337,74230,92.4,6107,7.6,4072,5.1,2035,2.5
2001,Race/ethnicity of households,Black non-Hispanic,,13134,10331,78.7,2803,21.3,1986,15.1,817,6.2
2001,Race/ethnicity of households,Hispanic,,9864,7717,78.2,2147,21.8,1613,16.4,534,5.4
2001,Race/ethnicity of households,Other,,4489,4026,89.7,463,10.3,339,7.6,124,2.8
2001,Household income-to-poverty ratio,Under 1.00,,11693,7426,63.5,4267,36.5,2763,23.6,1504,12.9
2001,Household income-to-poverty ratio,Under 1.30,,16904,11450,67.7,5454,32.3,3609,21.3,1845,10.9
2001,Household income-to-poverty ratio,Under 1.85,,25395,18316,72.1,7079,27.9,4811,18.9,2268,8.9
2001,Household income-to-poverty ratio,1.85 and over,,63851,60743,95.1,3108,4.9,2284,3.6,824,1.3
2001,Household income-to-poverty ratio,Income unknown,,18579,17245,92.8,1334,7.2,915,4.9,419,2.3
2001,Area of residence,Inside metropolitan area,,86945,77826,89.5,9119,10.5,6281,7.2,2838,3.3
2001,Area of residence,Inside metropolitan area,In principal cities,26701,22987,86.1,3714,13.9,2442,9.1,1272,4.8
2001,Area of residence,Inside metropolitan area,Not in principal cities,45380,41622,91.7,3758,8.3,2633,5.8,1125,2.5
2001,Area of residence,Outside metropolitan area,,20879,18476,88.5,2403,11.5,1730,8.3,673,3.2
2001,Census geographic region,,Northeast,20320,18656,91.8,1664,8.2,1176,5.8,488,2.4
2001,Census geographic region,,Midwest,25063,22805,91,2258,9,1502,6,756,3
2001,Census geographic region,,South,38867,34073,87.7,4794,12.3,3395,8.7,1399,3.6
2001,Census geographic region,,West,23575,20771,88.1,2804,11.9,1937,8.2,867,3.7
2002,All households,,,108601,96543,88.9,12058,11.1,8259,7.6,3799,3.5
2002,Household composition,With children < 18 yrs,,38647,32268,83.5,6379,16.5,4899,12.7,1480,3.8
2002,Household composition,With children < 18 yrs,With children < 6 yrs,17073,14039,82.2,3034,17.8,2450,14.4,584,3.4
2002,Household composition,With children < 18 yrs,Married-couple families,26069,23357,89.6,2712,10.4,2204,8.5,508,1.9
2002,Household composition,With children < 18 yrs,"Female head, no spouse",9496,6456,68,3040,32,2212,23.3,828,8.7
2002,Household composition,With children < 18 yrs,"Male head, no spouse",2375,1855,78.1,520,21.9,381,16,139,5.9
2002,Household composition,With children < 18 yrs,Other household with child,707,599,84.7,108,15.3,102,14.4,6,0.8
2002,Household composition,With no children < 18 yrs,,69954,64276,91.9,5678,8.1,3360,4.8,2318,3.3
2002,Household composition,With no children < 18 yrs,More than one adult,41538,38929,93.7,2609,6.3,1651,4,958,2.3
2002,Household composition,With no children < 18 yrs,Women living alone,16174,14472,89.5,1702,10.5,985,6.1,717,4.4
2002,Household composition,With no children < 18 yrs,Men living alone,12242,10875,88.8,1367,11.2,724,5.9,643,5.3
2002,Household composition,With elderly,,24791,23229,93.7,1562,6.3,1099,4.4,463,1.9
2002,Household composition,With elderly,Elderly living alone,10072,9327,92.6,745,7.4,490,4.9,255,2.5
2002,Race/ethnicity of households,White non-Hispanic,,80266,73859,92,6407,8,4294,5.3,2113,2.6
2002,Race/ethnicity of households,Black non-Hispanic,,13515,10546,78,2969,22,1999,14.8,970,7.2
2002,Race/ethnicity of households,Hispanic,,10344,8099,78.3,2245,21.7,1654,16,591,5.7
2002,Race/ethnicity of households,Other,,4475,4038,90.2,437,9.8,313,7,124,2.8
2002,Household income-to-poverty ratio,Under 1.00,,11515,7128,61.9,4387,38.1,2736,23.8,1651,14.3
2002,Household income-to-poverty ratio,Under 1.30,,17010,11272,66.3,5738,33.7,3681,21.6,2057,12.1
2002,Household income-to-poverty ratio,Under 1.85,,25134,17802,70.8,7332,29.2,4894,19.5,2438,9.7
2002,Household income-to-poverty ratio,1.85 and over,,64263,60997,94.9,3266,5.1,2321,3.6,945,1.5
2002,Household income-to-poverty ratio,Income unknown,,19204,17744,92.4,1460,7.6,1044,5.4,416,2.2
2002,Area of residence,Inside metropolitan area,,87617,77997,89,9620,11,6528,7.5,3092,3.5
2002,Area of residence,Inside metropolitan area,In principal cities,26922,23047,85.6,3875,14.4,2517,9.3,1358,5
2002,Area of residence,Inside metropolitan area,Not in principal cities,45552,41542,91.2,4010,8.8,2791,6.1,1219,2.7
2002,Area of residence,Outside metropolitan area,,20983,18545,88.4,2438,11.6,1731,8.2,707,3.4
2002,Census geographic region,,Northeast,20242,18372,90.8,1870,9.2,1266,6.3,604,3
2002,Census geographic region,,Midwest,25180,22755,90.4,2425,9.6,1602,6.4,823,3.3
2002,Census geographic region,,South,39195,34325,87.6,4870,12.4,3442,8.8,1428,3.6
2002,Census geographic region,,West,23984,21090,87.9,2894,12.1,1950,8.1,944,3.9
2003,All households,,,112214,99631,88.8,12583,11.2,8663,7.7,3920,3.5
2003,Household composition,With children < 18 yrs,,40286,33575,83.3,6711,16.7,5165,12.8,1546,3.8
2003,Household composition,With children < 18 yrs,With children < 6 yrs,18110,14933,82.5,3177,17.5,2516,13.9,661,3.6
2003,Household composition,With children < 18 yrs,Married-couple families,27484,24503,89.2,2981,10.8,2446,8.9,535,1.9
2003,Household composition,With children < 18 yrs,"Female head, no spouse",9623,6572,68.3,3051,31.7,2210,23,841,8.7
2003,Household composition,With children < 18 yrs,"Male head, no spouse",2475,1937,78.3,538,21.7,401,16.2,137,5.5
2003,Household composition,With children < 18 yrs,Other household with child,704,563,80,141,20,108,15.3,33,4.7
2003,Household composition,With no children < 18 yrs,,71928,66057,91.8,5871,8.2,3498,4.9,2373,3.3
2003,Household composition,With no children < 18 yrs,More than one adult,42553,39753,93.4,2800,6.6,1840,4.3,960,2.3
2003,Household composition,With no children < 18 yrs,Women living alone,16724,15032,89.9,1692,10.1,964,5.8,728,4.4
2003,Household composition,With no children < 18 yrs,Men living alone,12651,11271,89.1,1380,10.9,694,5.5,686,5.4
2003,Household composition,With elderly,,25946,24391,94,1555,6,1105,4.3,450,1.7
2003,Household composition,With elderly,Elderly living alone,10574,9921,93.8,653,6.2,430,4.1,223,2.1
2003,Race/ethnicity of households,White non-Hispanic,,81080,74733,92.2,6347,7.8,4169,5.1,2178,2.7
2003,Race/ethnicity of households,Black non-Hispanic,,13156,10251,77.9,2905,22.1,2010,15.3,895,6.8
2003,Race/ethnicity of households,Hispanic,,12034,9347,77.7,2687,22.3,2034,16.9,653,5.4
2003,Race/ethnicity of households,Other,,5944,5301,89.2,643,10.8,450,7.6,193,3.2
2003,Household income-to-poverty ratio,Under 1.00,,12739,8266,64.9,4473,35.1,2863,22.5,1610,12.6
2003,Household income-to-poverty ratio,Under 1.30,,18143,12245,67.5,5898,32.5,3845,21.2,2053,11.3
2003,Household income-to-poverty ratio,Under 1.85,,27104,19357,71.4,7747,28.6,5107,18.8,2640,9.7
2003,Household income-to-poverty ratio,1.85 and over,,62145,59116,95.1,3029,4.9,2274,3.7,755,1.2
2003,Household income-to-poverty ratio,Income unknown,,22965,21160,92.1,1805,7.9,1281,5.6,524,2.3
2003,Area of residence,Inside metropolitan area,,90708,80611,88.9,10097,11.1,6903,7.6,3194,3.5
2003,Area of residence,Inside metropolitan area,In principal cities,27682,23581,85.2,4101,14.8,2804,10.1,1297,4.7
2003,Area of residence,Inside metropolitan area,Not in principal cities,47243,42996,91,4247,9,2879,6.1,1368,2.9
2003,Area of residence,Outside metropolitan area,,21505,19020,88.4,2485,11.6,1760,8.2,725,3.4
2003,Census geographic region,,Northeast,21306,19267,90.4,2039,9.6,1343,6.3,696,3.3
2003,Census geographic region,,Midwest,25941,23360,90.1,2581,9.9,1752,6.8,829,3.2
2003,Census geographic region,,South,40554,35541,87.6,5013,12.4,3472,8.6,1541,3.8
2003,Census geographic region,,West,24412,21463,87.9,2949,12.1,2096,8.6,853,3.5
2004,All households,,,112967,99473,88.1,13494,11.9,9045,8,4449,3.9
2004,Household composition,With children < 18 yrs,,39990,32967,82.4,7023,17.6,5311,13.3,1712,4.3
2004,Household composition,With children < 18 yrs,With children < 6 yrs,17922,14606,81.5,3316,18.5,2573,14.4,743,4.1
2004,Household composition,With children < 18 yrs,Married-couple families,27065,23926,88.4,3139,11.6,2509,9.3,630,2.3
2004,Household composition,With children < 18 yrs,"Female head, no spouse",9641,6459,67,3182,33,2291,23.8,891,9.2
2004,Household composition,With children < 18 yrs,"Male head, no spouse",2693,2096,77.8,597,22.2,428,15.9,169,6.3
2004,Household composition,With children < 18 yrs,Other household with child,592,487,82.3,105,17.7,83,14,22,3.7
2004,Household composition,With no children < 18 yrs,,72977,66506,91.1,6471,8.9,3734,5.1,2737,3.8
2004,Household composition,With no children < 18 yrs,More than one adult,43177,40278,93.3,2899,6.7,1834,4.2,1065,2.5
2004,Household composition,With no children < 18 yrs,Women living alone,17012,15010,88.2,2002,11.8,1084,6.4,918,5.4
2004,Household composition,With no children < 18 yrs,Men living alone,12788,11219,87.7,1569,12.3,816,6.4,753,5.9
2004,Household composition,With elderly,,26202,24510,93.5,1692,6.5,1227,4.7,465,1.8
2004,Household composition,With elderly,Elderly living alone,10693,9911,92.7,782,7.3,517,4.8,265,2.5
2004,Race/ethnicity of households,White non-Hispanic,,81388,74383,91.4,7005,8.6,4632,5.7,2373,2.9
2004,Race/ethnicity of households,Black non-Hispanic,,13509,10303,76.3,3206,23.7,2108,15.6,1098,8.1
2004,Race/ethnicity of households,Hispanic,,12014,9404,78.3,2610,21.7,1903,15.8,707,5.9
2004,Race/ethnicity of households,Other,,6056,5382,88.9,674,11.1,403,6.7,271,4.5
2004,Household income-to-poverty ratio,Under 1.00,,13347,8438,63.2,4909,36.8,3098,23.2,1811,13.6
2004,Household income-to-poverty ratio,Under 1.30,,18367,12118,66,6249,34,3994,21.7,2255,12.3
2004,Household income-to-poverty ratio,Under 1.85,,28081,19700,70.2,8381,29.8,5443,19.4,2938,10.5
2004,Household income-to-poverty ratio,1.85 and over,,63575,60138,94.6,3437,5.4,2443,3.8,994,1.6
2004,Household income-to-poverty ratio,Income unknown,,21311,19636,92.1,1675,7.9,1158,5.4,517,2.4
2004,Area of residence,Inside metropolitan area,,92474,81661,88.3,10813,11.7,7246,7.8,3567,3.9
2004,Area of residence,Inside metropolitan area,In principal cities,30312,25650,84.6,4662,15.4,3114,10.3,1548,5.1
2004,Area of residence,Inside metropolitan area,Not in principal cities,46444,42279,91,4165,9,2865,6.2,1300,2.8
2004,Area of residence,Outside metropolitan area,,20492,17811,86.9,2681,13.1,1799,8.8,882,4.3
2004,Census geographic region,,Northeast,21038,19006,90.3,2032,9.7,1430,6.8,602,2.9
2004,Census geographic region,,Midwest,25957,23126,89.1,2831,10.9,1889,7.3,942,3.6
2004,Census geographic region,,South,41157,35693,86.7,5464,13.3,3605,8.8,1859,4.5
2004,Census geographic region,,West,24815,21648,87.2,3167,12.8,2121,8.5,1046,4.2
2005,All households,,,114437,101851,89,12586,11,8158,7.1,4428,3.9
2005,Household composition,With children < 18 yrs,,39601,33404,84.4,6197,15.6,4580,11.6,1617,4.1
2005,Household composition,With children < 18 yrs,With children < 6 yrs,17615,14671,83.3,2944,16.7,2265,12.9,679,3.9
2005,Household composition,With children < 18 yrs,Married-couple families,26776,24130,90.1,2646,9.9,2040,7.6,606,2.3
2005,Household composition,With children < 18 yrs,"Female head, no spouse",9659,6680,69.2,2979,30.8,2143,22.2,836,8.7
2005,Household composition,With children < 18 yrs,"Male head, no spouse",2536,2082,82.1,454,17.9,315,12.4,139,5.5
2005,Household composition,With children < 18 yrs,Other household with child,630,510,81,120,19,83,13.2,37,5.9
2005,Household composition,With no children < 18 yrs,,74836,68448,91.5,6388,8.5,3577,4.8,2811,3.8
2005,Household composition,With no children < 18 yrs,More than one adult,44267,41306,93.3,2961,6.7,1799,4.1,1162,2.6
2005,Household composition,With no children < 18 yrs,Women living alone,17019,15147,89,1872,11,1008,5.9,864,5.1
2005,Household composition,With no children < 18 yrs,Men living alone,13550,11996,88.5,1554,11.5,770,5.7,784,5.8
2005,Household composition,With elderly,,26609,25017,94,1592,6,1105,4.2,487,1.8
2005,Household composition,With elderly,Elderly living alone,10749,10063,93.6,686,6.4,473,4.4,213,2
2005,Race/ethnicity of households,White non-Hispanic,,82144,75444,91.8,6700,8.2,4305,5.2,2395,2.9
2005,Race/ethnicity of households,Black non-Hispanic,,13732,10658,77.6,3074,22.4,1894,13.8,1180,8.6
2005,Race/ethnicity of households,Hispanic,,12397,10176,82.1,2221,17.9,1559,12.6,662,5.3
2005,Race/ethnicity of households,Other,,6164,5573,90.4,591,9.6,400,6.5,191,3.1
2005,Household income-to-poverty ratio,Under 1.00,,12646,8098,64,4548,36,2836,22.4,1712,13.5
2005,Household income-to-poverty ratio,Under 1.30,,17264,11526,66.8,5738,33.2,3555,20.6,2183,12.6
2005,Household income-to-poverty ratio,Under 1.85,,27205,19515,71.7,7690,28.3,4813,17.7,2877,10.6
2005,Household income-to-poverty ratio,1.85 and over,,65030,61621,94.8,3409,5.2,2327,3.6,1082,1.7
2005,Household income-to-poverty ratio,Income unknown,,22202,20717,93.3,1485,6.7,1017,4.6,468,2.1
2005,Area of residence,Inside metropolitan area,,94945,84706,89.2,10239,10.8,6593,6.9,3646,3.8
2005,Area of residence,Inside metropolitan area,In principal cities,31708,27429,86.5,4279,13.5,2661,8.4,1618,5.1
2005,Area of residence,Inside metropolitan area,Not in principal cities,46998,42932,91.3,4066,8.7,2686,5.7,1380,2.9
2005,Area of residence,Outside metropolitan area,,19492,17146,88,2346,12,1565,8,781,4
2005,Census geographic region,,Northeast,21196,19272,90.9,1924,9.1,1338,6.3,586,2.8
2005,Census geographic region,,Midwest,26387,23454,88.9,2933,11.1,1859,7,1074,4.1
2005,Census geographic region,,South,41653,36650,88,5003,12,3173,7.6,1830,4.4
2005,Census geographic region,,West,25202,22475,89.2,2727,10.8,1789,7.1,938,3.7
2006,All households,,,115609,102961,89.1,12648,10.9,8031,6.9,4617,4
2006,Household composition,With children < 18 yrs,,39436,33278,84.4,6158,15.6,4481,11.4,1677,4.3
2006,Household composition,With children < 18 yrs,With children < 6 yrs,17161,14295,83.3,2866,16.7,2141,12.5,725,4.2
2006,Household composition,With children < 18 yrs,Married-couple families,26614,23916,89.9,2698,10.1,2140,8,558,2.1
2006,Household composition,With children < 18 yrs,"Female head, no spouse",9572,6665,69.6,2907,30.4,1925,20.1,982,10.3
2006,Household composition,With children < 18 yrs,"Male head, no spouse",2618,2174,83,444,17,333,12.7,111,4.2
2006,Household composition,With children < 18 yrs,Other household with child,633,522,82.5,111,17.5,84,13.3,27,4.3
2006,Household composition,With no children < 18 yrs,,76173,69683,91.5,6490,8.5,3550,4.7,2940,3.9
2006,Household composition,With no children < 18 yrs,More than one adult,44742,41822,93.5,2920,6.5,1769,4,1151,2.6
2006,Household composition,With no children < 18 yrs,Women living alone,17587,15600,88.7,1987,11.3,971,5.5,1016,5.8
2006,Household composition,With no children < 18 yrs,Men living alone,13844,12261,88.6,1583,11.4,810,5.9,773,5.6
2006,Household composition,With elderly,,26840,25242,94,1598,6,1108,4.1,490,1.8
2006,Household composition,With elderly,Elderly living alone,10499,9880,94.1,619,5.9,394,3.8,225,2.1
2006,Race/ethnicity of households,White non-Hispanic,,82268,75810,92.2,6458,7.8,3937,4.8,2521,3.1
2006,Race/ethnicity of households,Black non-Hispanic,,14054,10991,78.2,3063,21.8,1944,13.8,1119,8
2006,Race/ethnicity of households,Hispanic,,12879,10367,80.5,2512,19.5,1780,13.8,732,5.7
2006,Race/ethnicity of households,Other,,6409,5793,90.4,616,9.6,370,5.8,246,3.8
2006,Household income-to-poverty ratio,Under 1.00,,11829,7533,63.7,4296,36.3,2540,21.5,1756,14.8
2006,Household income-to-poverty ratio,Under 1.30,,16830,11265,66.9,5565,33.1,3363,20,2202,13.1
2006,Household income-to-poverty ratio,Under 1.85,,27613,20075,72.7,7538,27.3,4593,16.6,2945,10.7
2006,Household income-to-poverty ratio,1.85 and over,,64495,61059,94.7,3436,5.3,2364,3.7,1072,1.7
2006,Household income-to-poverty ratio,Income unknown,,23500,21826,92.9,1674,7.1,1074,4.6,600,2.6
2006,Area of residence,Inside metropolitan area,,96192,85870,89.3,10322,10.7,6557,6.8,3765,3.9
2006,Area of residence,Inside metropolitan area,In principal cities,32054,27832,86.8,4222,13.2,2622,8.2,1600,5
2006,Area of residence,Inside metropolitan area,Not in principal cities,47541,43243,91,4298,9,2793,5.9,1505,3.2
2006,Area of residence,Outside metropolitan area,,19417,17091,88,2326,12,1474,7.6,852,4.4
2006,Census geographic region,,Northeast,21302,19343,90.8,1959,9.2,1195,5.6,764,3.6
2006,Census geographic region,,Midwest,26560,23717,89.3,2843,10.7,1804,6.8,1039,3.9
2006,Census geographic region,,South,42283,37099,87.7,5184,12.3,3361,7.9,1823,4.3
2006,Census geographic region,,West,25464,22802,89.5,2662,10.5,1671,6.6,991,3.9
2007,All households,,,117100,104089,88.9,13011,11.1,8262,7,4749,4.1
2007,Household composition,With children < 18 yrs,,39390,33160,84.2,6230,15.8,4376,11.1,1854,4.7
2007,Household composition,With children < 18 yrs,With children < 6 yrs,17549,14550,82.9,2999,17.1,2251,12.8,748,4.3
2007,Household composition,With children < 18 yrs,Married-couple families,26645,23852,89.5,2793,10.5,2074,7.8,719,2.7
2007,Household composition,With children < 18 yrs,"Female head, no spouse",9458,6600,69.8,2858,30.2,1882,19.9,976,10.3
2007,Household composition,With children < 18 yrs,"Male head, no spouse",2621,2150,82,471,18,335,12.8,136,5.2
2007,Household composition,With children < 18 yrs,Other household with child,667,560,84,107,16,84,12.6,23,3.4
2007,Household composition,With no children < 18 yrs,,77710,70928,91.3,6782,8.7,3887,5,2895,3.7
2007,Household composition,With no children < 18 yrs,More than one adult,45350,42291,93.3,3059,6.7,1851,4.1,1208,2.7
2007,Household composition,With no children < 18 yrs,Women living alone,18395,16242,88.3,2153,11.7,1179,6.4,974,5.3
2007,Household composition,With no children < 18 yrs,Men living alone,13966,12396,88.8,1570,11.2,856,6.1,714,5.1
2007,Household composition,With elderly,,27469,25692,93.5,1777,6.5,1131,4.1,646,2.4
2007,Household composition,With elderly,Elderly living alone,10746,9963,92.7,783,7.3,480,4.5,303,2.8
2007,Race/ethnicity of households,White non-Hispanic,,82882,76342,92.1,6540,7.9,4008,4.8,2532,3.1
2007,Race/ethnicity of households,Black non-Hispanic,,14209,11057,77.8,3152,22.2,2064,14.5,1088,7.7
2007,Race/ethnicity of households,Hispanic,,13378,10694,79.9,2684,20.1,1798,13.4,886,6.6
2007,Race/ethnicity of households,Other,,6632,5996,90.4,636,9.6,392,5.9,244,3.7
2007,Household income-to-poverty ratio,Under 1.00,,11688,7282,62.3,4406,37.7,2669,22.8,1737,14.9
2007,Household income-to-poverty ratio,Under 1.30,,17395,11451,65.8,5944,34.2,3574,20.5,2370,13.6
2007,Household income-to-poverty ratio,Under 1.85,,27378,19534,71.3,7844,28.7,4780,17.5,3064,11.2
2007,Household income-to-poverty ratio,1.85 and over,,65898,62244,94.5,3654,5.5,2429,3.7,1225,1.9
2007,Household income-to-poverty ratio,Income unknown,,23825,22312,93.6,1513,6.4,1053,4.4,460,1.9
2007,Area of residence,Inside metropolitan area,,97572,86850,89,10722,11,6807,7,3915,4
2007,Area of residence,Inside metropolitan area,In principal cities,32843,28420,86.5,4423,13.5,2772,8.4,1651,5
2007,Area of residence,Inside metropolitan area,Not in principal cities,47971,43640,91,4331,9,2865,6,1466,3.1
2007,Area of residence,Outside metropolitan area,,19528,17239,88.3,2289,11.7,1455,7.5,834,4.3
2007,Census geographic region,,Northeast,21353,19147,89.7,2206,10.3,1469,6.9,737,3.5
2007,Census geographic region,,Midwest,26506,23658,89.3,2848,10.7,1741,6.6,1107,4.2
2007,Census geographic region,,South,43246,38145,88.2,5101,11.8,3262,7.5,1839,4.3
2007,Census geographic region,,West,25995,23139,89,2856,11,1790,6.9,1066,4.1
2008,All households,,,117565,100416,85.4,17149,14.6,10426,8.9,6723,5.7
2008,Household composition,With children < 18 yrs,,39699,31364,79,8335,21,5718,14.4,2617,6.6
2008,Household composition,With children < 18 yrs,With children < 6 yrs,17503,13595,77.7,3908,22.3,2818,16.1,1090,6.2
2008,Household composition,With children < 18 yrs,Married-couple families,26705,22887,85.7,3818,14.3,2735,10.2,1083,4.1
2008,Household composition,With children < 18 yrs,"Female head, no spouse",9639,6057,62.8,3582,37.2,2296,23.8,1286,13.3
2008,Household composition,With children < 18 yrs,"Male head, no spouse",2782,2013,72.4,769,27.6,569,20.5,200,7.2
2008,Household composition,With children < 18 yrs,Other household with child,572,405,70.8,167,29.2,118,20.6,49,8.6
2008,Household composition,With no children < 18 yrs,,77866,69052,88.7,8814,11.3,4708,6,4106,5.3
2008,Household composition,With no children < 18 yrs,More than one adult,45772,41610,90.9,4162,9.1,2409,5.3,1753,3.8
2008,Household composition,With no children < 18 yrs,Women living alone,17934,15266,85.1,2668,14.9,1284,7.2,1384,7.7
2008,Household composition,With no children < 18 yrs,Men living alone,14160,12177,86,1983,14,1015,7.2,968,6.8
2008,Household composition,With elderly,,28211,25927,91.9,2284,8.1,1402,5,882,3.1
2008,Household composition,With elderly,Elderly living alone,11148,10168,91.2,980,8.8,552,5,428,3.8
2008,Race/ethnicity of households,White non-Hispanic,,82935,74041,89.3,8894,10.7,5154,6.2,3740,4.5
2008,Race/ethnicity of households,Black non-Hispanic,,14441,10732,74.3,3709,25.7,2251,15.6,1458,10.1
2008,Race/ethnicity of households,Hispanic,,13504,9873,73.1,3631,26.9,2439,18.1,1192,8.8
2008,Race/ethnicity of households,Other,,6686,5772,86.3,914,13.7,582,8.7,332,5
2008,Household income-to-poverty ratio,Under 1.00,,13117,7576,57.8,5541,42.2,3014,23,2527,19.3
2008,Household income-to-poverty ratio,Under 1.30,,20383,12427,61,7956,39,4403,21.6,3553,17.4
2008,Household income-to-poverty ratio,Under 1.85,,29680,19622,66.1,10058,33.9,5731,19.3,4327,14.6
2008,Household income-to-poverty ratio,1.85 and over,,70433,65038,92.3,5395,7.7,3595,5.1,1800,2.6
2008,Household income-to-poverty ratio,Income unknown,,17452,15755,90.3,1697,9.7,1101,6.3,596,3.4
2008,Area of residence,Inside metropolitan area,,98189,83790,85.3,14399,14.7,8757,8.9,5642,5.7
2008,Area of residence,Inside metropolitan area,In principal cities,32808,27006,82.3,5802,17.7,3634,11.1,2168,6.6
2008,Area of residence,Inside metropolitan area,Not in principal cities,48239,42125,87.3,6114,12.7,3650,7.6,2464,5.1
2008,Area of residence,Outside metropolitan area,,19375,16625,85.8,2750,14.2,1669,8.6,1081,5.6
2008,Census geographic region,,Northeast,21341,18616,87.2,2725,12.8,1610,7.5,1115,5.2
2008,Census geographic region,,Midwest,26370,22671,86,3699,14,2254,8.5,1445,5.5
2008,Census geographic region,,South,43542,36621,84.1,6921,15.9,4216,9.7,2705,6.2
2008,Census geographic region,,West,26311,22507,85.5,3804,14.5,2346,8.9,1458,5.5
2009,All households,,,118174,100820,85.3,17354,14.7,10601,9,6753,5.7
2009,Household composition,With children < 18 yrs,,39525,31114,78.7,8411,21.3,5812,14.7,2599,6.6
2009,Household composition,With children < 18 yrs,With children < 6 yrs,17598,13566,77.1,4032,22.9,2896,16.5,1136,6.5
2009,Household composition,With children < 18 yrs,Married-couple families,26334,22475,85.3,3859,14.7,2818,10.7,1041,4
2009,Household composition,With children < 18 yrs,"Female head, no spouse",9700,6146,63.4,3554,36.6,2300,23.7,1254,12.9
2009,Household composition,With children < 18 yrs,"Male head, no spouse",2883,2082,72.2,801,27.8,561,19.5,240,8.3
2009,Household composition,With children < 18 yrs,Other household with child,607,410,67.5,197,32.5,133,21.9,64,10.5
2009,Household composition,With no children < 18 yrs,,78649,69706,88.6,8943,11.4,4789,6.1,4154,5.3
2009,Household composition,With no children < 18 yrs,More than one adult,46677,42404,90.8,4273,9.2,2443,5.2,1830,3.9
2009,Household composition,With no children < 18 yrs,Women living alone,17662,15064,85.3,2598,14.7,1288,7.3,1310,7.4
2009,Household composition,With no children < 18 yrs,Men living alone,14310,12238,85.5,2072,14.5,1058,7.4,1014,7.1
2009,Household composition,With elderly,,28912,26743,92.5,2169,7.5,1416,4.9,753,2.6
2009,Household composition,With elderly,Elderly living alone,11300,10416,92.2,884,7.8,536,4.7,348,3.1
2009,Race/ethnicity of households,White non-Hispanic,,83259,74066,89,9193,11,5394,6.5,3799,4.6
2009,Race/ethnicity of households,Black non-Hispanic,,14519,10908,75.1,3611,24.9,2259,15.6,1352,9.3
2009,Race/ethnicity of households,Hispanic,,13566,9922,73.1,3644,26.9,2388,17.6,1256,9.3
2009,Race/ethnicity of households,Other,,6830,5926,86.8,904,13.2,559,8.2,345,5.1
2009,Household income-to-poverty ratio,Under 1.00,,13193,7525,57,5668,43,3221,24.4,2447,18.5
2009,Household income-to-poverty ratio,Under 1.30,,19913,12000,60.3,7913,39.7,4520,22.7,3393,17
2009,Household income-to-poverty ratio,Under 1.85,,29454,19194,65.2,10260,34.8,6020,20.4,4240,14.4
2009,Household income-to-poverty ratio,1.85 and over,,63983,59125,92.4,4858,7.6,3161,4.9,1697,2.7
2009,Household income-to-poverty ratio,Income unknown,,24738,22503,91,2235,9,1420,5.7,815,3.3
2009,Area of residence,Inside metropolitan area,,98336,83803,85.2,14533,14.8,8843,9,5690,5.8
2009,Area of residence,Inside metropolitan area,In principal cities,32690,27059,82.8,5631,17.2,3417,10.5,2214,6.8
2009,Area of residence,Inside metropolitan area,Not in principal cities,48698,42261,86.8,6437,13.2,3912,8,2525,5.2
2009,Area of residence,Outside metropolitan area,,19838,17017,85.8,2821,14.2,1757,8.9,1064,5.4
2009,Census geographic region,,Northeast,21403,18787,87.8,2616,12.2,1591,7.4,1025,4.8
2009,Census geographic region,,Midwest,26512,22836,86.1,3676,13.9,2251,8.5,1425,5.4
2009,Census geographic region,,South,43842,36885,84.1,6957,15.9,4228,9.6,2729,6.2
2009,Census geographic region,,West,26417,22312,84.5,4105,15.5,2531,9.6,1574,6
2010,All households,,,"118,756","101,527",85.5,"17,229",14.5,"10,872",9.2,"6,357",5.4
2010,Household composition,With children < 18 yrs,,"39,419","31,447",79.8,"7,972",20.2,"5,724",14.5,"2,248",5.7
2010,Household composition,With children < 18 yrs,With children < 6 yrs,"17,780","13,899",78.2,"3,881",21.8,"2,850",16,"1,031",5.8
2010,Household composition,With children < 18 yrs,Married-couple families,"25,729","22,179",86.2,"3,550",13.8,"2,636",10.2,914,3.6
2010,Household composition,With children < 18 yrs,"Female head, no spouse","10,081","6,547",64.9,"3,534",35.1,"2,450",24.3,"1,084",10.8
2010,Household composition,With children < 18 yrs,"Male head, no spouse","2,980","2,223",74.6,757,25.4,558,18.7,199,6.7
2010,Household composition,With children < 18 yrs,Other household with child,629,498,79.2,131,20.8,81,12.9,50,7.9
2010,Household composition,With no children < 18 yrs,,"79,337","70,080",88.3,"9,257",11.7,"5,148",6.5,"4,109",5.2
2010,Household composition,With no children < 18 yrs,More than one adult,"47,112","42,468",90.1,"4,644",9.9,"2,781",5.9,"1,863",4
2010,Household composition,With no children < 18 yrs,Women living alone,"17,644","15,218",86.3,"2,426",13.7,"1,329",7.5,"1,097",6.2
2010,Household composition,With no children < 18 yrs,Men living alone,"14,582","12,394",85,"2,188",15,"1,038",7.1,"1,150",7.9
2010,Household composition,With elderly,,"29,438","27,102",92.1,"2,336",7.9,"1,563",5.3,773,2.6
2010,Household composition,With elderly,Elderly living alone,"11,565","10,640",92,925,8,551,4.8,374,3.2
2010,Race/ethnicity of households,White non-Hispanic,,"83,113","74,117",89.2,"8,996",10.8,"5,512",6.6,"3,484",4.2
2010,Race/ethnicity of households,Black non-Hispanic,,"14,600","10,941",74.9,"3,659",25.1,"2,332",16,"1,327",9.1
2010,Race/ethnicity of households,Hispanic,,"14,109","10,416",73.8,"3,693",26.2,"2,507",17.8,"1,186",8.4
2010,Race/ethnicity of households,Other,,"6,933","6,052",87.3,881,12.7,521,7.5,360,5.2
2010,Household income-to-poverty ratio,Under 1.00,,"15,133","9,056",59.8,"6,077",40.2,"3,584",23.7,"2,493",16.5
2010,Household income-to-poverty ratio,Under 1.30,,"20,907","13,039",62.4,"7,868",37.6,"4,757",22.8,"3,111",14.9
2010,Household income-to-poverty ratio,Under 1.85,,"30,101","19,940",66.2,"10,161",33.8,"6,232",20.7,"3,929",13.1
2010,Household income-to-poverty ratio,1.85 and over,,"62,335","57,710",92.6,"4,625",7.4,"3,092",5,"1,533",2.5
2010,Household income-to-poverty ratio,Income unknown,,"26,319","23,876",90.7,"2,443",9.3,"1,548",5.9,895,3.4
2010,Area of residence,Inside metropolitan area,,"98,657","84,379",85.5,"14,278",14.5,"9,015",9.1,"5,263",5.3
2010,Area of residence,Inside metropolitan area,In principal cities,"32,732","27,171",83,"5,561",17,"3,491",10.7,"2,070",6.3
2010,Area of residence,Inside metropolitan area,Not in principal cities,"49,000","42,831",87.4,"6,169",12.6,"3,902",8,"2,267",4.6
2010,Area of residence,Outside metropolitan area,,"20,099","17,147",85.3,"2,952",14.7,"1,858",9.2,"1,094",5.4
2010,Census geographic region,,Northeast,"21,731","19,036",87.6,"2,695",12.4,"1,665",7.7,"1,030",4.7
2010,Census geographic region,,Midwest,"26,589","23,062",86.7,"3,527",13.3,"2,153",8.1,"1,374",5.2
2010,Census geographic region,,South,"44,270","37,203",84,"7,067",16,"4,591",10.4,"2,476",5.6
2010,Census geographic region,,West,"26,166","22,226",84.9,"3,940",15.1,"2,463",9.4,"1,477",5.6
2011,All households,,,119484,101631,85.1,17853,14.9,11014,9.2,6839,5.7
2011,Household composition,With children < 18 yrs,,38803,30814,79.4,7989,20.6,5750,14.8,2239,5.8
2011,Household composition,With children < 18 yrs,With children < 6 yrs,17281,13494,78.1,3787,21.9,2884,16.7,903,5.2
2011,Household composition,With children < 18 yrs,Married-couple families,25421,21879,86.1,3542,13.9,2671,10.5,871,3.4
2011,Household composition,With children < 18 yrs,"Female head, no spouse",9690,6124,63.2,3566,36.8,2452,25.3,1114,11.5
2011,Household composition,With children < 18 yrs,"Male head, no spouse",3055,2295,75.1,760,24.9,532,17.4,228,7.5
2011,Household composition,With children < 18 yrs,Other household with child,638,517,81,121,19,96,15,25,3.9
2011,Household composition,With no children < 18 yrs,,80681,70817,87.8,9864,12.2,5264,6.5,4600,5.7
2011,Household composition,With no children < 18 yrs,More than one adult,47863,43103,90.1,4760,9.9,2778,5.8,1982,4.1
2011,Household composition,With no children < 18 yrs,Women living alone,18021,15205,84.4,2816,15.6,1387,7.7,1429,7.9
2011,Household composition,With no children < 18 yrs,Men living alone,14796,12508,84.5,2288,15.5,1099,7.4,1189,8
2011,Household composition,With elderly,,30099,27579,91.6,2520,8.4,1589,5.3,931,3.1
2011,Household composition,With elderly,Elderly living alone,11402,10400,91.2,1002,8.8,579,5.1,423,3.7
2011,Race/ethnicity of households,White non-Hispanic,,83304,73823,88.6,9481,11.4,5689,6.8,3792,4.6
2011,Race/ethnicity of households,Black non-Hispanic,,14765,11066,74.9,3699,25.1,2155,14.6,1544,10.5
2011,Race/ethnicity of households,Hispanic,,14410,10629,73.8,3781,26.2,2583,17.9,1198,8.3
2011,Race/ethnicity of households,Other,,7005,6113,87.3,892,12.7,587,8.4,305,4.4
2011,Household income-to-poverty ratio,Under 1.00,,15557,9164,58.9,6393,41.1,3616,23.2,2777,17.9
2011,Household income-to-poverty ratio,Under 1.30,,22168,13825,62.4,8343,37.6,4763,21.5,3580,16.1
2011,Household income-to-poverty ratio,Under 1.85,,31437,20593,65.5,10844,34.5,6376,20.3,4468,14.2
2011,Household income-to-poverty ratio,1.85 and over,,62244,57888,93,4356,7,2938,4.7,1418,2.3
2011,Household income-to-poverty ratio,Income unknown,,25802,23149,89.7,2653,10.3,1700,6.6,953,3.7
2011,Area of residence,Inside metropolitan area,,99835,84999,85.1,14836,14.9,9163,9.2,5673,5.7
2011,Area of residence,Inside metropolitan area,In principal cities,33515,27597,82.3,5918,17.7,3646,10.9,2272,6.8
2011,Area of residence,Inside metropolitan area,Not in principal cities,49253,42770,86.8,6483,13.2,4013,8.1,2470,5
2011,Area of residence,Outside metropolitan area,,19649,16632,84.6,3017,15.4,1851,9.4,1166,5.9
2011,Census geographic region,,Northeast,21650,18736,86.5,2914,13.5,1777,8.2,1137,5.3
2011,Census geographic region,,Midwest,26359,22798,86.5,3561,13.5,2141,8.1,1420,5.4
2011,Census geographic region,,South,44772,37618,84,7154,16,4431,9.9,2723,6.1
2011,Census geographic region,,West,26703,22478,84.2,4225,15.8,2665,10,1560,5.8
2012,All households,,,121546,103914,85.5,17632,14.5,10679,8.8,6953,5.7
2012,Household composition,With children < 18 yrs,,39201,31354,80,7847,20,5478,14,2369,6
2012,Household composition,With children < 18 yrs,With children < 6 yrs,17325,13770,79.5,3555,20.5,2608,15.1,947,5.5
2012,Household composition,With children < 18 yrs,Married-couple families,25233,21907,86.8,3326,13.2,2500,9.9,826,3.3
2012,Household composition,With children < 18 yrs,"Female head, no spouse",10373,6705,64.6,3668,35.4,2351,22.7,1317,12.7
2012,Household composition,With children < 18 yrs,"Male head, no spouse",3008,2299,76.4,709,23.6,519,17.3,190,6.3
2012,Household composition,With children < 18 yrs,Other household with child,587,443,75.5,144,24.5,108,18.4,36,6.1
2012,Household composition,With no children < 18 yrs,,82345,72560,88.1,9785,11.9,5201,6.3,4584,5.6
2012,Household composition,With no children < 18 yrs,More than one adult,49577,44726,90.2,4851,9.8,2695,5.4,2156,4.3
2012,Household composition,With no children < 18 yrs,Women living alone,17903,15162,84.7,2741,15.3,1400,7.8,1341,7.5
2012,Household composition,With no children < 18 yrs,Men living alone,14865,12673,85.3,2192,14.7,1106,7.4,1086,7.3
2012,Household composition,With elderly,,31932,29122,91.2,2810,8.8,1682,5.3,1128,3.5
2012,Household composition,With elderly,Elderly living alone,11706,10643,90.9,1063,9.1,595,5.1,468,4
2012,Race/ethnicity of households,White non-Hispanic,,83217,73914,88.8,9303,11.2,5452,6.6,3851,4.6
2012,Race/ethnicity of households,Black non-Hispanic,,14976,11287,75.4,3689,24.6,2136,14.3,1553,10.4
2012,Race/ethnicity of households,Hispanic,,15613,11982,76.7,3631,23.3,2469,15.8,1162,7.4
2012,Race/ethnicity of households,Other,,7740,6730,87,1010,13,623,8,387,5
2012,Household income-to-poverty ratio,Under 1.00,,15547,9196,59.1,6351,40.9,3526,22.7,2825,18.2
2012,Household income-to-poverty ratio,Under 1.30,,21797,13472,61.8,8325,38.2,4676,21.5,3649,16.7
2012,Household income-to-poverty ratio,Under 1.85,,31259,20534,65.7,10725,34.3,6197,19.8,4528,14.5
2012,Household income-to-poverty ratio,1.85 and over,,64274,59882,93.2,4392,6.8,2916,4.5,1476,2.3
2012,Household income-to-poverty ratio,Income unknown,,26013,23497,90.3,2516,9.7,1567,6,949,3.6
2012,Area of residence,Inside metropolitan area,,101476,86961,85.7,14515,14.3,8809,8.7,5706,5.6
2012,Area of residence,Inside metropolitan area,In principal cities,33959,28214,83.1,5745,16.9,3468,10.2,2277,6.7
2012,Area of residence,Inside metropolitan area,Not in principal cities,50358,43957,87.3,6401,12.7,3930,7.8,2471,4.9
2012,Area of residence,Outside metropolitan area,,20070,16953,84.5,3117,15.5,1870,9.3,1247,6.2
2012,Census geographic region,,Northeast,21693,19102,88.1,2591,11.9,1594,7.3,997,4.6
2012,Census geographic region,,Midwest,27051,23222,85.8,3829,14.2,2128,7.9,1701,6.3
2012,Census geographic region,,South,45731,38404,84,7327,16,4660,10.2,2667,5.8
2012,Census geographic region,,West,27071,23186,85.6,3885,14.4,2297,8.5,1588,5.9
2013,All households,,,122579,105070,85.7,17509,14.3,10664,8.7,6845,5.6
2013,Household composition,With children < 18 yrs,,38486,30979,80.5,7507,19.5,5240,13.6,2267,5.9
2013,Household composition,With children < 18 yrs,With children < 6 yrs,16942,13405,79.1,3537,20.9,2556,15.1,981,5.8
2013,Household composition,With children < 18 yrs,Married-couple families,24896,21700,87.2,3196,12.8,2283,9.2,913,3.7
2013,Household composition,With children < 18 yrs,"Female head, no spouse",10025,6577,65.6,3448,34.4,2362,23.6,1086,10.8
2013,Household composition,With children < 18 yrs,"Male head, no spouse",3025,2327,76.9,698,23.1,501,16.6,197,6.5
2013,Household composition,With children < 18 yrs,Other household with child,540,374,69.3,166,30.7,95,17.6,71,13.1
2013,Household composition,With no children < 18 yrs,,84093,74092,88.1,10001,11.9,5423,6.4,4578,5.4
2013,Household composition,With no children < 18 yrs,More than one adult,50145,45201,90.1,4944,9.9,2913,5.8,2031,4.1
2013,Household composition,With no children < 18 yrs,Women living alone,18686,15853,84.8,2833,15.2,1453,7.8,1380,7.4
2013,Household composition,With no children < 18 yrs,Men living alone,15263,13038,85.4,2225,14.6,1058,6.9,1167,7.6
2013,Household composition,With elderly,,33244,30354,91.3,2890,8.7,1866,5.6,1024,3.1
2013,Household composition,With elderly,Elderly living alone,12341,11232,91,1109,9,657,5.3,452,3.7
2013,Race/ethnicity of households,White non-Hispanic,,83496,74636,89.4,8860,10.6,5033,6,3827,4.6
2013,Race/ethnicity of households,Black non-Hispanic,,15311,11322,73.9,3989,26.1,2442,15.9,1547,10.1
2013,Race/ethnicity of households,Hispanic,,15648,11939,76.3,3709,23.7,2660,17,1049,6.7
2013,Race/ethnicity of households,Other,,8124,7175,88.3,949,11.7,528,6.5,421,5.2
2013,Household income-to-poverty ratio,Under 1.00,,14819,8583,57.9,6236,42.1,3489,23.5,2747,18.5
2013,Household income-to-poverty ratio,Under 1.30,,20715,12657,61.1,8058,38.9,4589,22.2,3469,16.7
2013,Household income-to-poverty ratio,Under 1.85,,29809,19429,65.2,10380,34.8,6089,20.4,4291,14.4
2013,Household income-to-poverty ratio,1.85 and over,,62985,58774,93.3,4211,6.7,2784,4.4,1427,2.3
2013,Household income-to-poverty ratio,Income unknown,,29786,26869,90.2,2917,9.8,1790,6,1127,3.8
2013,Area of residence,Inside metropolitan area,,102936,88384,85.9,14552,14.1,8857,8.6,5695,5.5
2013,Area of residence,Inside metropolitan area,In principal cities,34425,28667,83.3,5758,16.7,3593,10.4,2165,6.3
2013,Area of residence,Inside metropolitan area,Not in principal cities,51077,44904,87.9,6173,12.1,3721,7.3,2452,4.8
2013,Area of residence,Outside metropolitan area,,19643,16686,84.9,2957,15.1,1807,9.2,1150,5.9
2013,Census geographic region,,Northeast,21894,19190,87.6,2704,12.4,1636,7.5,1068,4.9
2013,Census geographic region,,Midwest,27097,23420,86.4,3677,13.6,2198,8.1,1479,5.5
2013,Census geographic region,,South,46256,38974,84.3,7282,15.7,4421,9.6,2861,6.2
2013,Census geographic region,,West,27331,23486,85.9,3845,14.1,2408,8.8,1437,5.3
2014,All households,,,124044,106618,86,17426,14,10488,8.4,6938,5.6
2014,Household composition,With children < 18 yrs,,39079,31590,80.8,7489,19.2,5147,13.2,2342,6
2014,Household composition,With children < 18 yrs,With children < 6 yrs,17211,13786,80.1,3425,19.9,2457,14.3,968,5.6
2014,Household composition,With children < 18 yrs,Married-couple families,25376,22226,87.6,3150,12.4,2346,9.2,804,3.2
2014,Household composition,With children < 18 yrs,"Female head, no spouse",9912,6411,64.7,3501,35.3,2230,22.5,1271,12.8
2014,Household composition,With children < 18 yrs,"Male head, no spouse",3237,2533,78.3,704,21.7,476,14.7,228,7
2014,Household composition,With children < 18 yrs,Other household with child,554,419,75.6,135,24.4,96,17.3,39,7
2014,Household composition,With no children < 18 yrs,,84965,75029,88.3,9936,11.7,5340,6.3,4596,5.4
2014,Household composition,With no children < 18 yrs,More than one adult,50621,45731,90.3,4890,9.7,2772,5.5,2118,4.2
2014,Household composition,With no children < 18 yrs,Women living alone,19062,16149,84.7,2913,15.3,1541,8.1,1372,7.2
2014,Household composition,With no children < 18 yrs,Men living alone,15283,13150,86,2133,14,1027,6.7,1106,7.2
2014,Household composition,With elderly,,34269,31230,91.1,3039,8.9,1941,5.7,1098,3.2
2014,Household composition,With elderly,Elderly living alone,12792,11608,90.7,1184,9.3,704,5.5,480,3.8
2014,Race/ethnicity of households,White non-Hispanic,,84127,75335,89.5,8792,10.5,4966,5.9,3826,4.5
2014,Race/ethnicity of households,Black non-Hispanic,,15424,11393,73.9,4031,26.1,2434,15.8,1597,10.4
2014,Race/ethnicity of households,Hispanic,,16148,12527,77.6,3621,22.4,2502,15.5,1119,6.9
2014,Race/ethnicity of households,Other,,8346,7365,88.2,981,11.8,585,7,396,4.7
2014,Household income-to-poverty ratio,Under 1.00,,15812,9560,60.5,6252,39.5,3409,21.6,2843,18
2014,Household income-to-poverty ratio,Under 1.30,,20783,13009,62.6,7774,37.4,4290,20.6,3484,16.8
2014,Household income-to-poverty ratio,Under 1.85,,31376,20790,66.3,10586,33.7,6030,19.2,4556,14.5
2014,Household income-to-poverty ratio,1.85 and over,,64200,60153,93.7,4047,6.3,2683,4.2,1364,2.1
2014,Household income-to-poverty ratio,Income unknown,,28468,25676,90.2,2792,9.8,1775,6.2,1017,3.6
2014,Area of residence,Inside metropolitan area,,104931,90781,86.5,14150,13.5,8601,8.2,5549,5.3
2014,Area of residence,Inside metropolitan area,In principal cities,35672,30085,84.3,5587,15.7,3476,9.7,2111,5.9
2014,Area of residence,Inside metropolitan area,Not in principal cities,51892,45779,88.2,6113,11.8,3600,6.9,2513,4.8
2014,Area of residence,Outside metropolitan area,,19114,15839,82.9,3275,17.1,1886,9.9,1389,7.3
2014,Census geographic region,,Northeast,22156,19209,86.7,2947,13.3,1789,8.1,1158,5.2
2014,Census geographic region,,Midwest,27260,23489,86.2,3771,13.8,2180,8,1591,5.8
2014,Census geographic region,,South,46869,39803,84.9,7066,15.1,4235,9,2831,6
2014,Census geographic region,,West,27760,24119,86.9,3641,13.1,2284,8.2,1357,4.9
2015,All households,,,125164,109315,87.3,15849,12.7,9540,7.6,6309,5
2015,Household composition,With children < 18 yrs,,38978,32519,83.4,6459,16.6,4557,11.7,1902,4.9
2015,Household composition,With children < 18 yrs,With children < 6 yrs,16995,14129,83.1,2866,16.9,2146,12.6,720,4.2
2015,Household composition,With children < 18 yrs,Married-couple families,25232,22670,89.8,2562,10.2,1923,7.6,639,2.5
2015,Household composition,With children < 18 yrs,"Female head, no spouse",10117,7052,69.7,3065,30.3,2109,20.8,956,9.4
2015,Household composition,With children < 18 yrs,"Male head, no spouse",3133,2432,77.6,701,22.4,443,14.1,258,8.2
2015,Household composition,With children < 18 yrs,Other household with child,496,366,73.8,130,26.2,82,16.5,48,9.7
2015,Household composition,With no children < 18 yrs,,86187,76796,89.1,9391,10.9,4983,5.8,4408,5.1
2015,Household composition,With no children < 18 yrs,More than one adult,51357,46976,91.5,4381,8.5,2504,4.9,1877,3.7
2015,Household composition,With no children < 18 yrs,Women living alone,18954,16169,85.3,2785,14.7,1413,7.5,1372,7.2
2015,Household composition,With no children < 18 yrs,Men living alone,15876,13652,86,2224,14,1065,6.7,1159,7.3
2015,Household composition,With elderly,,35265,32340,91.7,2925,8.3,1789,5.1,1136,3.2
2015,Household composition,With elderly,Elderly living alone,13137,11932,90.8,1205,9.2,657,5,548,4.2
2015,Race/ethnicity of households,White non-Hispanic,,83931,75563,90,8368,10,4759,5.7,3609,4.3
2015,Race/ethnicity of households,Black non-Hispanic,,15734,12357,78.5,3377,21.5,2127,13.5,1250,7.9
2015,Race/ethnicity of households,Hispanic,,16803,13592,80.9,3211,19.1,2132,12.7,1079,6.4
2015,Race/ethnicity of households,Other,,8695,7803,89.7,892,10.3,521,6,371,4.3
2015,Household income-to-poverty ratio,Under 1.00,,14070,8687,61.7,5383,38.3,3006,21.4,2377,16.9
2015,Household income-to-poverty ratio,Under 1.30,,18917,11954,63.2,6963,36.8,3966,21,2997,15.8
2015,Household income-to-poverty ratio,Under 1.85,,28994,19479,67.2,9515,32.8,5572,19.2,3943,13.6
2015,Household income-to-poverty ratio,1.85 and over,,65319,61552,94.2,3767,5.8,2376,3.6,1391,2.1
2015,Household income-to-poverty ratio,Income unknown,,30851,28282,91.7,2569,8.3,1593,5.2,976,3.2
2015,Area of residence,Inside metropolitan area,,106990,93947,87.8,13043,12.2,7843,7.3,5200,4.9
2015,Area of residence,Inside metropolitan area,In principal cities,36809,31606,85.9,5203,14.1,3240,8.8,1963,5.3
2015,Area of residence,Inside metropolitan area,Not in principal cities,53585,48023,89.6,5562,10.4,3304,6.2,2258,4.2
2015,Area of residence,Outside metropolitan area,,18175,15369,84.6,2806,15.4,1697,9.3,1109,6.1
2015,Census geographic region,,Northeast,22300,19640,88.1,2660,11.9,1616,7.2,1044,4.7
2015,Census geographic region,,Midwest,27199,23727,87.2,3472,12.8,2069,7.6,1403,5.2
2015,Census geographic region,,South,47389,41101,86.7,6288,13.3,3750,7.9,2538,5.4
2015,Census geographic region,,West,28277,24848,87.9,3429,12.1,2105,7.4,1324,4.7
2016,All households,,,126401,110850,87.7,15551,12.3,9413,7.4,6138,4.9
2016,Household composition,With children < 18 yrs,,"38,400","32,059",83.5,"6,341",16.5,"4,501",11.7,"1,840",4.8
2016,Household composition,With children < 18 yrs,With children < 6 yrs,"16,571","13,820",83.4,"2,751",16.6,"1,923",11.6,828,5
2016,Household composition,With children < 18 yrs,Married-couple families,"25,031","22,560",90.1,"2,471",9.9,"1,843",7.4,628,2.5
2016,Household composition,With children < 18 yrs,"Female head, no spouse","9,780","6,692",68.4,"3,088",31.6,"2,061",21.1,"1,027",10.5
2016,Household composition,With children < 18 yrs,"Male head, no spouse","3,070","2,403",78.3,667,21.7,509,16.6,158,5.1
2016,Household composition,With children < 18 yrs,Other household with child,519,404,77.8,115,22.2,88,17,27,5.2
2016,Household composition,With no children < 18 yrs,,"88,001","78,792",89.5,"9,209",10.5,"4,911",5.6,"4,298",4.9
2016,Household composition,With no children < 18 yrs,More than one adult,"52,353","48,162",92,"4,191",8,"2,411",4.6,"1,780",3.4
2016,Household composition,With no children < 18 yrs,Women living alone,"19,649","16,910",86.1,"2,739",13.9,"1,420",7.2,"1,319",6.7
2016,Household composition,With no children < 18 yrs,Men living alone,"15,999","13,719",85.7,"2,280",14.3,"1,080",6.8,"1,200",7.5
2016,Household composition,With elderly,,"36,335","33,496",92.2,"2,839",7.8,"1,786",4.9,"1,053",2.9
2016,Household composition,With elderly,Elderly living alone,"13,529","12,326",91.1,"1,203",8.9,733,5.4,470,3.5
2016,Race/ethnicity of households,White non-Hispanic,,"84,087","76,271",90.7,"7,816",9.3,"4,591",5.5,"3,225",3.8
2016,Race/ethnicity of households,Black non-Hispanic,,"15,940","12,346",77.5,"3,594",22.5,"2,048",12.8,"1,546",9.7
2016,Race/ethnicity of households,Hispanic,,"17,054","13,907",81.5,"3,147",18.5,"2,152",12.7,995,5.8
2016,Race/ethnicity of households,Other,,"9,319","8,325",89.3,994,10.7,622,6.7,372,4
2016,Household income-to-poverty ratio,Under 1.00,,"13,929","8,598",61.7,"5,331",38.3,"2,920",21,"2,411",17.3
2016,Household income-to-poverty ratio,Under 1.30,,"18,522","11,917",64.3,"6,605",35.7,"3,725",20.2,"2,880",15.5
2016,Household income-to-poverty ratio,Under 1.85,,"29,025","19,860",68.4,"9,165",31.6,"5,319",18.3,"3,846",13.3
2016,Household income-to-poverty ratio,1.85 and over,,"67,785","64,001",94.4,"3,784",5.6,"2,499",3.7,"1,285",1.9
2016,Household income-to-poverty ratio,Income unknown,,"29,590","26,988",91.2,"2,602",8.8,"1,595",5.4,"1,007",3.4
2016,Area of residence,Inside metropolitan area,,"108,118","95,315",88.2,"12,803",11.8,"7,868",7.2,"4,935",4.6
2016,Area of residence,Inside metropolitan area,In principal cities,"37,176","31,879",85.8,"5,297",14.2,"3,117",8.3,"2,180",5.9
2016,Area of residence,Inside metropolitan area,Not in principal cities,"54,399","49,222",90.5,"5,177",9.5,"3,286",6,"1,891",3.5
2016,Area of residence,Outside metropolitan area,,"18,283","15,535",85,"2,748",15,"1,545",8.4,"1,203",6.6
2016,Census geographic region,,Northeast,"22,669","20,217",89.2,"2,452",10.8,"1,594",7,858,3.8
2016,Census geographic region,,Midwest,"27,307","23,976",87.8,"3,331",12.2,"1,871",6.9,"1,460",5.3
2016,Census geographic region,,South,"47,966","41,476",86.5,"6,490",13.5,"3,890",8.1,"2,600",5.4
2016,Census geographic region,,West,"28,458","25,180",88.5,"3,278",11.5,"2,057",7.2,"1,221",4.3
